Page,Meta Title,Meta Description
AmorgosGuide,"Amorgos Travel Guide 2025 - Best Places to Visit & Things to Do","Plan your perfect Amorgos vacation with our comprehensive 2025 travel guide. Discover the best hotels, restaurants, beaches, and activities. From the iconic monastery of Hozoviotissa to pristine beaches and authentic Cycladic villages."
AnafiGuide,"Anafi Travel Guide 2025 - Best Places to Visit & Things to Do","Plan your perfect Anafi vacation with our comprehensive 2025 travel guide. Discover the best hotels, restaurants, beaches, and activities. Experience authentic Greek island life in this untouched Cycladic gem."
AndrosGuide,"Andros Travel Guide 2025 - Best Places to Visit & Things to Do","Plan your perfect Andros vacation with our comprehensive 2025 travel guide. Discover the best hotels, restaurants, beaches, and activities on this beautiful Cycladic island."
AntiparosGuide,"Antiparos Travel Guide 2025 - Best Places to Visit & Things to Do","Plan your perfect Antiparos vacation with our comprehensive 2025 travel guide. Discover the best hotels, restaurants, beaches, and activities. From the famous cave to golden beaches and traditional villages."
BudgetCalculator,"Cyclades Trip Budget Calculator - Plan Your Greek Island Vacation Costs","Plan your Cyclades trip budget with our interactive calculator. Estimate costs for accommodation, food, transportation, and activities based on your travel style."
DonousaGuide,"Donousa Travel Guide 2025 - Pristine Beaches & Tranquility","Plan your perfect Donousa vacation with our comprehensive 2025 travel guide. Discover pristine beaches, hiking trails, and authentic Greek island tranquility."
FerryGuide,"Cyclades Ferry Guide - Routes, Tips & Information","Complete guide to ferry travel in the Cyclades islands. Find information about routes, companies, booking tips, and seasonal schedules."
FolegandrosGuide,"Folegandros Travel Guide 2025 - Best Places to Visit & Things to Do","Plan your perfect Folegandros vacation with our comprehensive 2025 travel guide. Discover the best hotels, restaurants, beaches, and activities. From dramatic cliffs to pristine beaches and traditional villages."
FolegandrosGuide_backup,"Folegandros Travel Guide 2025 - Best Places to Visit & Things to Do","Plan your perfect Folegandros vacation with our comprehensive 2025 travel guide. Discover the best hotels, restaurants, beaches, and activities. From the dramatic clifftop Chora to pristine beaches and authentic Greek culture."
Home,"Experience the Magic of","Discover the enchanting Cyclades islands. From pristine beaches to ancient ruins, plan your perfect Greek island adventure with us."
IosGuide,"Ios Travel Guide 2025 - Best Places to Visit & Things to Do","Plan your perfect Ios vacation with our comprehensive 2025 travel guide. Discover the best hotels, restaurants, beaches, and activities. From vibrant nightlife to pristine beaches and traditional villages."
IrakliaGuide,"Iraklia Travel Guide 2025 - Best Places to Visit & Things to Do","A tranquil Small Cyclades island offering pristine beaches, hiking trails, and authentic experiences"
IslandGuide,"Island Island Guide | Greece Cyclades","Complete travel guide to Island island in the Cyclades. Find the best beaches, villages, activities, and travel tips for your visit."
KeaGuide,"Kea Island Guide | Greece Cyclades","Explore Kea island with our comprehensive guide. Discover the best beaches, villages, activities, and local experiences on this authentic Greek island."
KimolosGuide,"Kimolos Travel Guide 2025 - Best Places to Visit & Things to Do","Plan your perfect Kimolos vacation with our comprehensive 2025 travel guide. Discover volcanic landscapes, pristine beaches, and authentic Greek island life on this hidden gem of the Western Cyclades."
KoufonisiaGuide,"Koufonisia Travel Guide 2025 - Best Places to Visit & Things to Do","Plan your perfect Koufonisia vacation with our comprehensive 2025 travel guide. Discover the best beaches, accommodations, and activities on this hidden gem of the Small Cyclades."
KythnosGuide,"Kythnos Travel Guide 2025 - Best Places to Visit & Things to Do","Plan your perfect Kythnos vacation with our comprehensive 2025 travel guide. Discover thermal springs, beautiful beaches, and traditional villages on this authentic Cycladic island."
ListProperty,"Coming Soon","List your property on Greece Cyclades and reach travelers planning their perfect Greek island vacation."
MilosGuide,"Milos Travel Guide 2025 - Best Places to Visit & Things to Do","Plan your perfect Milos vacation with our comprehensive 2025 travel guide. Discover the best hotels, restaurants, beaches, and activities. From lunar landscapes to colorful fishing villages and stunning beaches."
MykonosGuide,"Mykonos Travel Guide 2025 - Best Beaches, Nightlife & Things to Do","Plan your perfect Mykonos vacation with our comprehensive 2025 travel guide. From pristine beaches and vibrant nightlife to traditional villages and luxury experiences."
NaxosGuide,"Naxos Travel Guide 2025 - Best Places to Visit & Things to Do","Plan your perfect Naxos vacation with our comprehensive 2025 travel guide. Discover the best hotels, restaurants, beaches, and activities. From the iconic Portara to the mountain villages and golden beaches."
NotFound,"404 - Page Not Found | Greece Cyclades","The page you"
ParosGuide,"Paros Travel Guide 2025 - Best Places to Visit & Things to Do","Plan your perfect Paros vacation with our comprehensive 2025 travel guide. Discover the best hotels, restaurants, beaches, and activities. From charming Naoussa to golden beaches and traditional villages."
Resources,"Cyclades Travel Resources - Useful Links & Information","Essential resources for planning your trip to the Cyclades islands. Find official websites, transportation information, health & safety tips, and practical guides."
SantoriniGuide,"Santorini Travel Guide 2025 - Best Places to Visit & Things to Do","Plan your perfect Santorini vacation with our comprehensive 2025 travel guide. Discover the best hotels, restaurants, beaches, and activities. From sunset views in Oia to wine tasting in volcanic vineyards."
SchinoussaGuide,"Schinoussa Island Guide | Greece Cyclades","Discover the untouched beauty of Schinoussa island. Pristine beaches, authentic villages, and tranquil atmosphere in this Small Cyclades gem."
SerifosGuide,"Serifos Travel Guide 2025 - Best Places to Visit & Things to Do","Plan your perfect Serifos vacation with our comprehensive 2025 travel guide. Discover the best hotels, restaurants, beaches, and activities. From rugged landscapes to pristine beaches and traditional villages."
SifnosGuide,"Sifnos Travel Guide 2025 - Best Places to Visit & Things to Do","Plan your perfect Sifnos vacation with our comprehensive 2025 travel guide. Discover the best hotels, restaurants, beaches, and activities. From the culinary paradise to pristine beaches and traditional pottery."
SignIn,"Sign In - Greece Cyclades","Sign in to your Greece Cyclades account to access personalized travel planning features and exclusive content."
SignUp,"Create Account - Greece Cyclades","Join Greece Cyclades to start planning your perfect Greek island adventure with personalized recommendations and travel tools."
SikinosGuide,"Sikinos Travel Guide 2025 - Best Places to Visit & Things to Do","Plan your perfect Sikinos vacation with our comprehensive 2025 travel guide. Discover the best hotels, restaurants, beaches, and activities. Experience authentic Greek island life in this untouched Cycladic gem."
SyrosGuide,"Syros Travel Guide 2025 - Best Places to Visit & Things to Do","Plan your perfect Syros vacation with our comprehensive 2025 travel guide. Discover the best hotels, restaurants, beaches, and activities. From the neoclassical architecture of Ermoupolis to pristine beaches and rich cultural heritage."
ThirasiaGuide,"Thirasia Island Guide | Greece Cyclades","Discover the authentic beauty of Thirasia, a hidden gem with caldera views and traditional villages without the crowds. Plan your perfect Thirasia vacation."
TinosGuide,"Tinos Travel Guide 2025 - Religious Heritage & Marble Villages","Plan your perfect Tinos vacation with our comprehensive 2025 travel guide. Discover religious sites, marble villages, beautiful beaches, and authentic Greek culture."
Transfers,"Greece Cyclades Transfer Booking","Book your ride to and from the airport, port or any destination, in just a few steps!Get Ready for Cyclades!"
TripPlanner,"Plan Your Greek Islands Trip | Greece Cyclades","Create your perfect Greek Islands itinerary with our AI-powered trip planner."
Weather,"Cyclades Weather Guide - Best Time to Visit Greek Islands","Comprehensive weather information for the Cyclades islands. Plan your trip with monthly temperature, rainfall, sea conditions, and packing tips."
